{
    "loss": 14.95649528503418,
    "accuracy": 0.4313725531101227
}